{
  "old_mdape": 38.69357283150387,
  "new_mdape": 40.32409177498017,
  "performance_change": 1.6305189434762966,
  "status": "rollback"
}